qid,qname,question,force_resp,type,selector
QID16,S0,"<div><span style=""font-size:19px;""><strong>Hello world! </strong></span></div>

<div> </div>

<div>Thank you for taking the 2023 Stack Overflow Developer Survey, the longest running survey of software developers (and anyone else who codes!) on Earth. </div>

<div> </div>

<div>There are seven sections in this survey. The 2nd, 3rd, 4th and 5th sections will appear in a random order.</div><div><br></div>

<div>   1. Basic Information</div>

<div>   2. Education, Work, and Career</div>

<div>   3. Technology and Tech Culture</div>

<div>   4. Stack Overflow Usage + Community</div>

<div>   5. Artificial Intelligence </div>

<div>   6. Professional Developer Series (Optional)</div><div>   7. Final Questions</div>

<div> 
<div>Most questions in this survey are optional. Required questions are marked with *. This anonymous survey will take about 15 minutes to complete. We encourage you to complete it in one sitting.</div><div><br></div>
</div>

<div><strong>If you use security or ad-blocking plugins, you may see error messages</strong></div>

<div>Our third-party software provider, Qualtrics, does not work well with certain ad blockers and security software. To avoid error messages that prevent you from taking the survey, please try specifically unblocking Qualtrics in your plugin or pausing the plugin while you take the survey. </div>

<div> </div>

<div>To begin, click <strong>Next.</strong></div>",False,DB,TB
QID12,MetaInfo,Browser Meta Info,False,Meta,Browser
QID310,Q310,"<div><span style=""font-size:19px;""><strong>You consent to providing your information to help us stay privacy compliant</strong></span></div>

<div> </div>

<div>Your participation in this survey is completely anonymous.  As in previous years, anonymized results of the survey will be made publicly available under the Open Database License, where anyone can download and analyze the data. On that note, throughout the survey, certain answers you and your peers give will be treated as personally identifiable information, and therefore kept out of the anonymized results file.  The information gathered via this survey is made available to the public in the spirit of community which Stack Overflow was founded and to serve as a resource for everyone who codes. </div><div><br></div><div>By selecting ""I agree"" and submitting this survey, you acknowledge that you voluntarily consent to your anonymous answers being made publicly available.
</div>",False,DB,TB
QID312,SurveyAgreement, ,True,MC,SAVR
QID1,S1,"<span style=""font-size:22px; font-family: arial,helvetica,sans-serif; font-weight: 700;"">Basic Information</span><br>
<br>
<p><span style=""font-size:16px; font-family:arial,helvetica,sans-serif;"">The first section will focus on some basic information about who you are.<br>
<br>
Most questions in this section are required. Required questions are noted with *.</span></p>",False,DB,TB
QID2,ResponderDescription,"Which of the following options best describes you today? For the purpose of this survey, a developer is ""someone who writes code"". *",True,MC,SAVR
QID127,Age,What is your age? *,True,MC,MAVR
QID296,Employment,Which of the following best describes your current employment status? Select all that apply.,False,MC,MAVR
QID308,RemoteWork,Which best describes your current work situation?,False,MC,SAVR
QID297,CodingActivities,Which of the following best describes the code you write outside of work? Select all that apply.,False,MC,MAVR
QID190,S2,"<span style=""font-size:22px; font-family: arial,helvetica,sans-serif; font-weight: 700;"">Education, work, and career</span><br />
 
<p><span style=""font-size:16px; font-family:arial,helvetica,sans-serif;"">This section will focus on your education, work, and career.<br />
<br />
Most questions in this section are optional. Required questions are noted with *.</span></p>",False,DB,TB
QID25,EdLevel,Which of the following best describes the highest level of formal education that you’ve completed? *,True,MC,SAVR
QID276,LearningToCodeMethods,How do you learn to code? Select all that apply.,False,MC,MAVR
QID281,LearningToCodeOnlineResources,What online resources do you use to learn to code? Select all that apply.,False,MC,MAVR
QID306,LearningToCodePlatforms,What online courses or certifications do you use to learn to code? Select all that apply.,False,MC,MAVR
QID32,YearsCode,"Including any education, how many years have you been coding in total?",False,MC,DL
QID34,YearsCodePro,"NOT including education, how many years have you coded professionally (as a part of your work)?",False,MC,DL
QID31,DevType,"Which of the following describes your current job, the one you do most of the time? Please select only one.",False,MC,SAVR
QID29,OrgSize,"Approximately how many people are employed by the company or organization you currently work for?  This should only include your primary company, and not the entire holding or parent company if that applies.",False,MC,SAVR
QID278,PurchaseInfluence,"What level of influence do you, personally, have over new technology purchases at your organization?",False,MC,SAVR
QID322,TechList,"When thinking about new technology purchases at your organization, are you more likely to be given a short list of products/services to evaluate or be told to investigate on your own?",False,MC,SAVR
QID279,BuyNewTool,"When buying a new tool or software, how do you discover and research available solutions? Select all that apply.",False,MC,MAVR
QID6,Country,"Where do you live? <span style=""font-weight: bolder;"">*</span>",True,MC,DL
QID50,Currency,"Which currency do you use day-to-day? If your answer is complicated, please pick the one you're most comfortable estimating in. *",True,MC,DL
QID51,CompTotal,"What is your current total <b>annual</b> compensation (salary, bonuses, and perks, before taxes and deductions)? Please enter a whole number in the box below, without any punctuation.  If you are paid hourly, please estimate an equivalent yearly salary. If you prefer not to answer, please leave the box empty.",False,TE,SL
QID61,S3,"<span style=""font-size:22px; font-family: arial,helvetica,sans-serif; font-weight: 700;"">Tech and tech culture</span><br>
<br>

<p><span style=""font-size:16px; font-family:arial,helvetica,sans-serif;"">The next set of questions will focus on technology and tech culture.<br>
<br>
Most questions in this section are optional. Required questions are noted with *.</span></p>",False,DB,TB
QID233,Language,"Which <b>programming, scripting, and markup languages</b> have you done extensive development work in over the past year, and which do you want to work in over the next year? (If you both worked with the language and want to continue to do so, please check both boxes in that row.)",False,Matrix,Likert
QID262,Database,"Which <b>database environments </b>have you done extensive development work in over the past year, and which do you want to work in over the next year? (If you both worked with the database and want to continue to do so, please check both boxes in that row.)",False,Matrix,Likert
QID263,Platform,"Which <b>cloud platforms</b> have you done extensive development work in over the past year, and which do you want to work in over the next year? (If you both worked with the platform and want to continue to do so, please check both boxes in that row.)",False,Matrix,Likert
QID264,Webframe,"Which <b>web frameworks and web technologies</b> have you done extensive development work in over the past year, and which do you want to work in over the next year? (If you both worked with the framework and want to continue to do so, please check both boxes in that row.)",False,Matrix,Likert
QID265,MiscTech,"Which <b>other frameworks and libraries</b> have you done extensive development work in over the past year, and which do you want to work in over the next year? (If you both worked with the framework and want to continue to do so, please check both boxes in that row.)",False,Matrix,Likert
QID275,ToolsTech,"Which <b>developer </b><strong>tools for compiling, building and testing</strong> have you done extensive development work in over the past year, and which do you want to work in over the next year? (If you both worked with the technology and want to continue to do so, please check both boxes in that row.)",False,Matrix,Likert
QID274,NEWCollabTools,"Which <strong>development environments</strong> did you use regularly over the past year, and which do you want to work with over the next year? Please check all that apply.",False,Matrix,Likert
QID71,OpSys,What is the primary <b>operating system</b> in which you work? ,False,Matrix,Likert
QID282,OfficeStackAsync,"Which <b>collaborative work management and/or code documentation tools</b> did you use regularly over the past year, and which do you want to work with over the next year? Select all that apply",False,Matrix,Likert
QID307,OfficeStackSync,"Which <b>communication tools</b> did you use regularly over the past year, and which do you want to work with over the next year? Select all that apply",False,Matrix,Likert
QID327,AISearch,"Which <b>AI-powered search tools</b> did you use regularly over the past year, and which do you want to work with over the next year? Select all that apply.",False,Matrix,Likert
QID328,AIDev,"Which <b>AI-powered developer tools</b> did you use regularly over the past year, and which do you want to work with over the next year? Select all that apply",False,Matrix,Likert
QID91,S4,"<span style=""font-size:22px; font-family: arial,helvetica,sans-serif; font-weight: 700;"">Stack Overflow - usage and community</span><br>
<br>

<p><span style=""font-size:16px; font-family:arial,helvetica,sans-serif;"">This section will focus on Stack Overflow usage and community questions.<br>
<br>
Most questions in this section are optional. Required questions are noted with *.</span></p>",False,DB,TB
QID266,NEWSOSites,Which of the following Stack Overflow sites have you visited? Select all that apply. *,True,MC,MAVR
QID100,SOVisitFreq,How frequently would you say you visit Stack Overflow?,False,MC,SAVR
QID101,SOAccount,Do you have a Stack Overflow account?,False,MC,SAVR
QID102,SOPartFreq,"How frequently would you say you participate in Q&amp;A on Stack Overflow? By participate we mean ask, answer, vote for, or comment on questions.",False,MC,SAVR
QID106,SOComm,Do you consider yourself a member of the Stack Overflow community?,False,MC,SAVR
QID313,S5,"<span style=""font-size:22px; font-family: arial,helvetica,sans-serif; font-weight: 700;"">Artificial Intelligence (AI)</span><br>
<br>

<p><span style=""font-size:16px; font-family:arial,helvetica,sans-serif;"">This section will focus on AI usage and sentiment</span><span style=""font-family: arial, helvetica, sans-serif; font-size: 16px;"">.</span></p><p><span style=""font-size:16px; font-family:arial,helvetica,sans-serif;"">
<br>
Most questions in this section are optional. Required questions are noted with *.</span></p>",False,DB,TB
QID325,SOAI,"Artificial Intelligence (AI) tools have gained prominence recently across industries. The following question asks for your perspective on Stack Overflow using AI technology to improve the current experience, for example by using AI to suggest better titles for your question. For your response, consider these sorts of improvements to the experience with/on Stack Overflow and not the presence or absence of content generated by AI and posted on Stack Overflow. <br><br>What is your opinion on Stack Overflow using AI tools to improve the current experience? What could AI help with most to improve Stack Overflow?",False,TE,SL
QID314,AISelect,Do you currently use AI tools in your development process? *,True,MC,SAVR
QID315,AISent,How favorable is your stance on using AI tools as part of your development workflow?,False,MC,SAVR
QID324,AIAccuracy,"For the AI tools you use as part of your development workflow, what are the MOST important benefits you are hoping to achieve? Please check all that apply.",False,MC,MAVR
QID316,AIBenefits,How much do you trust the accuracy of the output from AI tools as part of your development workflow?,False,MC,SAVR
QID319,AITool,Which parts of your development workflow are you currently using AI tools for and which are you interested in using AI tools for over the next year?  Please select all that apply.,False,Matrix,Likert
QID320,AINext,"Thinking about how your workflow and process changes over time, how similar or different do you anticipate your workflow to be 1 year from now as a result of AI tools you are currently using?",False,Matrix,Likert
QID321,AIOpen,"Please describe how you would expect your workflow to be different, if at all, in 1 year as a result of AI advancements.",False,TE,SL
QID295,S6,"<span style=""font-size:22px; font-family: arial,helvetica,sans-serif; font-weight: 700;"">Professional Developer Series</span><br>
 
<p><span style=""font-size: 16px;""></span></p>In one of our previous pulse surveys, we saw that people valued being productive and having growth opportunities at work. By adding a <b>Professional Developer Series </b>to the survey we want to better understand the things that may impact your productivity and opportunities to learn. <br><br>Like the rest of the survey, your responses are completely anonymous.  Most questions in this section are optional. Required questions are noted with *.<p><span style=""font-size: 16px;""></span></p>

<p> </p>

<p><span style=""font-size: 16px;"">Blog post - <a href=""https://stackoverflow.blog/2021/12/07/new-data-what-developers-look-for-in-future-job-opportunities/"">New data: What developers look for in future job opportunities</a> - December 7, 2021</span></p>",False,DB,TB
QID299,ProfessionalDeveloperParticipation,"<span style=""font-size:16px;"">Would you like to participate in the Professional Developer Series? *</span>",True,MC,SAVR
QID287,IndividualContributorOrPeopleManager,Are you an individual contributor or people manager?,False,MC,SAVR
QID288,WorkExp,How many years of working experience do you have?,False,Slider,HSLIDER
QID289,Knowledge,Please rate your level of agreement with the following statement:,False,Matrix,Likert
QID290,Frequency,How frequently do you experience each of the following?,False,Matrix,Likert
QID291,TimeSearching,"On an average day, how much time do you typically spend searching for answers or solutions to problems you encounter at work? (This includes time spent searching on your own, asking a colleague, and waiting for a response).",False,MC,SAVR
QID292,TimeAnswering,"On an average day, how much time do you typically spend answering questions you get asked at work?",False,MC,SAVR
QID304,ProfessionalTech,My company has:,False,MC,MAVR
QID326,Industry,What industry is the company you work for in?,False,MC,SAVR
QID286,SOTeamsUsage,Does your team use Stack Overflow for Teams?,False,MC,SAVR
QID131,S7,"<span style=""font-size:22px;""><strong>Final Questions</strong></span><div><br></div>",False,DB,TB
QID132,SurveyLength,How do you feel about the length of the survey this year?,False,MC,MAVR
QID133,SurveyEase,How easy or difficult was this survey to complete?,False,MC,MAVR
QID289,InteractionOutsideTeam,I have interactions with people outside of my immediate team.,,MC,MAVR
QID289,KnowledgeSilos,"Knowledge silos prevent me from getting ideas across the organization (i.e., one individual or team has information that isn't shared with others)",,MC,MAVR
QID289,UpToDateInformation,I can find up-to-date information within my organization to help me do my job.,,MC,MAVR
QID289,QuicklyFindAnswers,I am able to quickly find answers to my questions with existing tools and resources.,,MC,MAVR
QID289,KnowSystemResource,I know which system or resource to use to find information and answers to questions I have.,,MC,MAVR
QID289,ReansweringQuestions,I often find myself answering questions that I’ve already answered before.,,MC,MAVR
QID289,WaitingOnAnswers,Waiting on answers to questions often causes interruptions and disrupts my workflow.,,MC,MAVR
QID289,CanUnderstandCompany,I feel like I have the tools and/or resources to quickly understand and work on any area of my company's code/system/platform.,,MC,MAVR
QID290,NeedHelpOutsideTeamFreq,Needing help from people outside of your immediate team?,,MC,MAVR
QID290,InteractionOutsideTeamFreq,Interacting with people outside of your immediate team?,,MC,MAVR
QID290,KnowledgeSilosFreq,Encountering knowledge silos (where one individual or team has information that's not shared or distributed with other individuals or teams) at work?,,MC,MAVR
